{"title":"post","fields":["id","message","published","idPost","person_id"],"types":[23,25,1184,1043,23],"type_names":["integer","text","unknown","text","integer"],"values":[[1,"On January 21, 2013, President Obama and Vice President Biden will be sworn in for a second term. Sign up here to stay up to date: http://OFA.BO/GUKx4o","2012-12-07 16:07:33+00","7860876103_559923690688813",1],[2,"","2013-01-24 16:29:00+00","7860876103_203141989823628",1],[3,"President Obama responds to the hundreds of thousands of people who signed petitions calling for reduced gun violence.","2012-12-22 01:22:38+00","7860876103_547915285219413",1],[4,"A favorite photo: VP Biden greets a family at a campaign rally in Lakewood, Ohio last month.","2012-12-11 21:10:00+00","7860876103_10151136595126104",1],[5,"President Obama and Vice President Biden are committed to keeping taxes low for American families and small businesses. Share your story and tell Congress to get it done now: http://OFA.BO/EnLPwo","2012-12-03 19:27:47+00","7860876103_10151126548796104",1],[6,"Find out how Vice President Biden will be leading the administration’s effort to reduce gun violence in the United States: http://OFA.BO/DyvXpn","2012-12-19 22:38:36+00","7860876103_409853089092099",1],[7,"\"This is no time to add any additional burden for middle class people.”—Vice President Biden at a Virginia diner last week on why Congress should extend tax breaks for families and small businesses. Here’s what you can do to help: http://OFA.BO/n7tgBw","2012-12-10 18:51:22+00","7860876103_10151135236006104",1],[8,"VP Biden did some holiday shopping at Costco yesterday, and urged Congress to extend tax cuts for American families and small businesses: http://OFA.BO/WB6r2k","2012-11-30 17:47:57+00","7860876103_10151122541336104",1],[9,"Happy birthday, Vice President Biden!","2012-11-20 22:17:46+00","7860876103_10151111009581104",1],[10,"Best wishes for a happy and safe Thanksgiving.","2012-11-22 16:17:43+00","7860876103_10151112995266104",1],[11,"Volunteers, donors, and voters like you helped secure a second term for President Obama and VP Biden. Take a quick survey to help determine where we go next: http://OFA.BO/rvtWEy","2012-11-20 17:32:05+00","7860876103_10151110744771104",1],[12,"A favorite photo: VP Biden brings pizza to a campaign field office in Virginia earlier this month.","2012-11-17 18:00:02+00","7860876103_10151107351956104",1],[13,"See how President Obama and Vice President Biden are working to help middle-class families get ahead: http://OFA.BO/fC8ey7","2012-11-15 22:52:49+00","7860876103_10151105400291104",1],[14,"Check out photos from election night: http://OFA.BO/SEwign","2012-11-13 22:35:56+00","7860876103_10151103042266104",1],[15,"From the bottom of our hearts, thank you.","2012-11-07 20:22:45+00","7860876103_10151095211926104",1],[16,"Four more years.","2012-11-07 22:56:24+00","7860876103_10151095396041104",1],[17,"If you voted today, make sure your friends know it: http://OFA.BO/ohbJ8d","2012-11-07 01:11:49+00","7860876103_10151094165206104",1],[18,"Go vote! Look up your polling place here: http://OFA.BO/dgaNnL","2012-11-06 19:45:48+00","7860876103_10151093818681104",1],[19,"Time to get out the vote—here’s what you can do right now: http://OFA.BO/1jc3T2","2012-11-06 17:01:16+00","7860876103_10151093645421104",1],[20,"It’s a great day to vote for President Obama and VP Biden! Grab a friend and head to your local polling place: http://OFA.BO/MysCMe","2012-11-06 13:01:10+00","7860876103_10151093409271104",1],[21,"Election Day is here! Find out where you’ll be voting tomorrow: http://OFA.BO/kpL7nG","2012-11-06 03:01:48+00","7860876103_10151092962171104",1],[22,"","2012-11-06 12:20:33+00","7860876103_10151093377961104",1],[23,"“We’re going to add 100,000 new math and science teachers over the next 10 years so our kids are the best in the world.”—VP Biden in Ohio yesterday. Check out the rest of President Obama and VP Biden’s plans for the next four years: http://OFA.BO/iTPFnF","2012-11-06 00:25:34+00","7860876103_10151092797866104",1],[24,"So many accomplishments, they didn’t fit on one graphic. Share the one that’s most important to you.","2012-11-05 01:23:45+00","7860876103_111647705662643",1],[25,"Just 3 days remain until all the votes are counted. Call voters in key states today: http://OFA.BO/zV9baZ","2012-11-04 18:11:12+00","7860876103_10151090988291104",1],[26,"Like and share this photo if you want to keep these two in the White House for four more years.","2012-11-03 22:01:08+00","7860876103_10151090017591104",1],[27,"A few hours of your time today will help us win on Tuesday—get started now: http://ofa.bo/gotv","2012-11-03 15:02:19+00","7860876103_10151089604116104",1],[28,"VP Biden: “President Obama and I will never turn Medicare from a guaranteed system into a voucher.” Get the facts: http://OFA.BO/YNjXXY","2012-11-03 01:05:36+00","7860876103_10151089071136104",1],[29,"Get out there this weekend and help get out the vote! OFA.BO/GOTV","2012-11-02 16:30:28+00","7860876103_113185762174063",1],[30,"“When Governor Romney was asked, ‘do you think women are entitled to equal pay for equal work,’ what did he do? He started talking about binders. It’s amazing.”—VP Biden in Sarasota, Florida yesterday","2012-11-02 02:29:09+00","7860876103_10151087923261104",1],[31,"Let’s move forward for four more years: http://OFA.BO/KPG6vw","2012-10-31 23:49:34+00","7860876103_10151086347606104",1],[32,"“When America stands together, we’re all better off.”—VP Biden in Youngstown, Ohio yesterday","2012-10-30 20:05:57+00","7860876103_10151084683281104",1],[33,"President Obama and Vice President Biden are taking us forward on equal pay and women’s health—Mitt Romney and Paul Ryan would take us back: http://OFA.BO/fCjBSY","2012-10-30 01:59:33+00","7860876103_10151083741801104",1],[34,"Get a thumbs up from VP Biden: Find out if your state has early voting or mail-in ballots, and vote as soon as you can. http://OFA.BO/xc4KLw","2012-10-28 23:30:39+00","7860876103_10151082181291104",1],[35,"","2012-10-28 16:49:55+00","7860876103_10151081647836104",1],[36,"Say cheese!","2012-10-28 01:05:14+00","7860876103_10151080896691104",1],[37,"The VP gives a next-gen autograph in Kenosha, WI","2012-10-28 01:05:14+00","7860876103_10151080897921104",1],[38,"Greeting supporters in Kenosha, WI","2012-10-28 01:05:14+00","7860876103_10151080898326104",1],[39,"“Mitt Romney has shown he’s very good at sending jobs away from America. But, Governor, I got news for you: A President’s job is to create jobs in America, for Americans, bringing jobs home to America.”—VP Biden in Kenosha, WI","2012-10-28 01:05:14+00","7860876103_10151080897546104",1],[40,"Oshkosh, Wisconsin for Obama-Biden","2012-10-28 01:05:14+00","7860876103_10151080898496104",1],[41,"Taking the stage in Kenosha, WI","2012-10-28 01:05:14+00","7860876103_10151080897096104",1],[42,"Your vote could make the difference. Find out if you can be one of the first to cast a ballot for Team Obama-Biden: http://OFA.BO/pGdkkh","2012-10-26 23:29:42+00","7860876103_10151079158776104",1],[43,"Spread the word on Obamacare during Breast Cancer Awareness Month. ","2012-10-25 22:00:20+00","7860876103_384022425010997",1],[44,"“This is a President who says what he means, means what he says, and does what he says.”—VP Biden introducing President Obama in Ohio yesterday","2012-10-25 00:24:42+00","7860876103_10151076584476104",1],[45,"Share this if you think President Obama should be our commander in chief for four more years.","2012-10-23 02:24:01+00","7860876103_295992830515245",1],[47,"There are only 15 days until the election—and it’s easy to make a difference from home: http://OFA.BO/1pHnDU","2012-10-22 16:11:01+00","7860876103_10151073369806104",1],[49,"There are just a few weekends left before Election Day. Get out there and volunteer in your community—then treat yourself to some ice cream: http://OFA.BO/CQWWqT","2012-10-20 18:12:48+00","7860876103_10151070875151104",1],[50,"Vice President Biden, speaking yesterday in Greeley, Colorado, on Romney’s immigration stance: “He’s not only out of touch with the Hispanic community, he’s out of touch with the American people.”","2012-10-18 18:37:33+00","7860876103_552442771439699",1],[51,"Share this if you agree that President Obama and Vice President Biden’s plan is the right one for all of us.","2012-10-17 04:16:40+00","7860876103_234372030025956",1],[54,"Vice President Biden on what’s at stake in this election for the Latino community.","2012-10-13 20:17:39+00","7860876103_233335253462021",1],[56,"","2012-10-12 03:02:56+00","7860876103_437426292982580",1],[58,"Share this to say you’re on Team Obama-Biden tonight—debate live-stream coverage begins at 9 p.m. ET. http://OFA.BO/m8UVZj","2012-10-11 20:06:42+00","7860876103_10151059376966104",1],[60,"Show your support for VP Biden before the vice presidential debate this week: http://OFA.BO/YmBoCf","2012-10-07 21:46:57+00","7860876103_10151054512756104",1],[62,"“Any one of you who are on Medicare know that since President Obama has been elected President and changed the law, Medicare recipients have more benefits.”—VP Biden in Council Bluffs, Iowa on Thursday","2012-10-06 17:20:55+00","7860876103_10151052949581104",1],[63,"We’re moving forward—spread the word: http://OFA.BO/hzc3eh","2012-10-05 18:58:09+00","7860876103_469871123044835",1],[65,"President Obama has a specific, concrete plan for strengthening the middle class—share this to spread the word: http://OFA.BO/F7vKcp","2012-10-04 17:19:35+00","7860876103_287805221319219",1],[66,"","2012-10-03 23:59:22+00","7860876103_359021174185945",1],[68,"Don’t miss a special message from VP Biden after the first presidential debate tomorrow night—find a watch party near you: http://OFA.BO/t3vyRm","2012-10-02 18:33:45+00","7860876103_439078402793992",1],[69,"Vice President Biden on the Romney-Ryan Medicare plan: “The first thing they would do is eliminate the new benefits—800 bucks more for prescription drugs, wellness visits, co-pays. It would also move the Medicare trust fund to insolvency in 2016.”","2012-10-01 17:02:26+00","7860876103_10151046764666104",1],[71,"“Look at the facts. President Obama has increased the benefits available to people on Medicare today by the action he took.”—VP Biden in Boca Raton, Florida","2012-10-01 17:02:26+00","7860876103_10151046765546104",1],[73,"VP Biden visits Mel’s Diner in Ft. Myers, Florida.","2012-10-01 17:02:26+00","7860876103_10151046763676104",1],[75,"Your donation to help re-elect President Obama and Vice President Biden goes the farthest before midnight tonight. Pitch in $5 now: http://OFA.BO/wyEyGQ","2012-10-01 00:13:49+00","7860876103_10151045931656104",1],[77,"“Instead of attacking folks who work for a living and pay their way, Romney should be respecting their hard work. That’s the job of a president. To lift people up, not to tear them down.”—Vice President Biden in Chesterfield, Virginia this week","2012-09-28 16:22:21+00","7860876103_10151043048671104",1],[79,"40 days till Election Day. Let’s do this thing: http://OFA.BO/Dk4KBT","2012-09-27 17:17:46+00","7860876103_10151041888746104",1],[81,"Free car magnet! http://OFA.BO/oao4vh","2012-09-25 00:54:34+00","7860876103_10151038777921104",1],[83,"“I’ve never gone anywhere without the Teamsters.”—VP Biden speaking to firefighters, teachers, and other union members in Manchester, NH","2012-09-24 00:15:24+00","7860876103_10151037513311104",1],[85,"VP Biden gives a pep talk at Newport High School in Newport, NH.","2012-09-24 00:15:24+00","7860876103_10151037512361104",1],[87,"The VP and Dr. Biden talked to supporters at Dartmouth College about President Obama’s record of strengthening early childhood and secondary education.","2012-09-24 00:15:24+00","7860876103_10151037511486104",1],[92,"How the Bidens do fall (with a 36-pound pumpkin).","2012-09-21 17:46:17+00","7860876103_10151035013656104",1],[93,"We've got the last Dinner with Barack of this campaign coming right up, and you should give it a shot: http://OFA.BO/3aoCUg","2012-09-21 01:02:29+00","7860876103_10151034287631104",1],[96,"Two days in Iowa with Vice President Biden.","2012-09-19 15:17:49+00","7860876103_10151032763046104",1],[97,"“Every day, Barack and Joe are working so that every single American has an opportunity to provide for themselves and their families.”—Dr. Jill Biden in Minnesota last week. Pass it on if you agree: http://OFA.BO/Yj5LyC","2012-09-17 21:02:55+00","7860876103_10151030703391104",1],[100,"Don’t miss this backstage peek at the Democratic National Convention, featuring VP Biden, Barack Obama, and Michelle Obama.","2012-09-15 01:24:08+00","7860876103_189890917812529",1],[101,"Find out more: http://OFA.BO/txEcEG","2012-09-12 20:05:18+00","7860876103_349282755160779",1],[102,"“It’s never been a good bet to bet against America!”—VP Biden in Zanesville, Ohio","2012-09-10 22:58:42+00","7860876103_10151022547741104",1],[103,"The VP stopped in for pizza and conversation at Cardo’s Pizza in Jackson, Ohio.","2012-09-10 22:58:42+00","7860876103_10151022545191104",1],[105,"The VP visits Obama for America - Ohio volunteers in Athens.","2012-09-10 22:58:42+00","7860876103_10151022544016104",1],[108,"","2012-09-10 22:58:42+00","7860876103_10151022547416104",1],[110,"Over convention week, more than 700,000 grassroots donors committed to supporting this team in this election. Join them: http://OFA.BO/VaeCV9","2012-09-09 00:54:07+00","7860876103_10151020165436104",1],[112,"","2012-09-07 02:16:10+00","7860876103_412696985444854",1],[113,"Tune in tonight to see VP Biden and President Obama’s speeches at the Democratic National Convention in Charlotte, and spread the word.","2012-09-06 16:12:42+00","7860876103_10151017418346104",1],[115,"VP Biden. Kal Penn. Coming tomorrow to a livestream near you.","2012-09-05 15:13:33+00","7860876103_361509483929707",1],[116,"Joe Biden in Lordstown - August 31st","2012-09-01 21:58:07+00","7860876103_10151011530561104",1],[118,"Three smiles for the VP in Mahoning, Ohio.","2012-09-01 21:58:07+00","7860876103_10151011530031104",1],[119,"“They call their plan new, bold, and gutsy. There’s nothing gutsy about giving another trillion in tax cuts to millionaires.”—Vice President Biden on the Romney-Ryan plan","2012-09-01 21:58:07+00","7860876103_10151011528701104",1],[121,"VP Biden samples the fare at the Canfield Fair in Mahoning, Ohio.","2012-09-01 21:58:07+00","7860876103_10151011529126104",1],[122,"Midnight tonight is our biggest fundraising deadline yet—let’s do this! http://OFA.BO/322PWr","2012-09-01 00:31:11+00","7860876103_10151010557221104",1],[124,"Are you in? http://OFA.BO/Rq6Zbd","2012-08-30 00:14:34+00","7860876103_10151008127971104",1],[46,"Our path forward: http://OFA.BO/oyqPmJ","2012-10-24 15:55:55+00","7860876103_433529476706694",1],[48,"Joe photo of the day: Provisioning an Obama for America - Florida field office in Orlando.","2012-10-21 20:47:12+00","7860876103_10151072408776104",1],[52,"La Crosse, Wisconsin was fired up for VP Biden and Dr. Biden last week. Find out about upcoming Obama 2012 events near you: http://OFA.BO/m9eKUW","2012-10-15 17:23:48+00","7860876103_10151064266896104",1],[53,"\"I want my daughters and granddaughters to have the same rights today and in the future as my sons and grandsons do.\"—VP Biden in La Crosse, Wisconsin this week","2012-10-14 18:47:32+00","7860876103_10151063041526104",1],[55,"Like and share this photo if you’re proud of VP Biden in last night’s debate.","2012-10-12 19:26:53+00","7860876103_10151060680826104",1],[57,"Stand with the team that’s fighting for you every day: http://OFA.BO/6Ne9k8","2012-10-11 15:51:08+00","7860876103_10151059093106104",1],[59,"Before VP Biden debates Rep. Ryan tomorrow, make sure everyone you know has the facts on where they stand.","2012-10-10 15:59:27+00","7860876103_10151057927186104",1],[61,"Read Kobe’s story of meeting Vice President Biden: http://OFA.BO/nGDqnb","2012-10-06 21:54:04+00","7860876103_10151053255451104",1],[64,"VP Biden on Mitt Romney: “He called for a tax plan that would mean massive cuts for the wealthy, but he refused to explain how he could possibly pay for them without raising taxes on middle-class families.”","2012-10-05 00:58:39+00","7860876103_183698875088363",1],[67,"","2012-10-04 03:41:50+00","7860876103_118137685004717",1],[70,"Heart-to-heart in Ft. Myers, Florida.","2012-10-01 17:02:26+00","7860876103_10151046765166104",1],[72,"“There is no way to separate retirement security from the notion of family security.”—VP Biden in Tamarac, Florida on the need to strengthen Social Security and Medicare for the long haul","2012-10-01 17:02:26+00","7860876103_10151046763296104",1],[74,"Impromptu phonebanking in Boca Raton, Florida.","2012-10-01 17:02:26+00","7860876103_10151046762881104",1],[76,"Mitt Romney’s tax plan could lead to higher costs for seniors—send an eCard to spread the word: http://OFA.BO/xKLhR9","2012-09-29 18:38:19+00","7860876103_10151044318491104",1],[78,"If President Obama could sit down with you at your kitchen table, here’s what he’d say. http://OFA.BO/g7qB5y","2012-09-28 01:13:45+00","7860876103_379795345421942",1],[80,"Team huddle.","2012-09-26 20:28:42+00","7860876103_10151040907556104",1],[82,"Get your free ticket to see VP Biden in Chesterfield, Virginia tomorrow:  http://OFA.BO/WN6SPS","2012-09-24 14:56:10+00","7860876103_10151038128711104",1],[84,"First stop in the Granite State: a farm stand in New London for pies and pumpkins.","2012-09-24 00:15:24+00","7860876103_10151037514076104",1],[86,"Getting a lift in Hanover, New Hampshire.","2012-09-24 00:15:24+00","7860876103_10151037511996104",1],[88,"Pancakes at the Airport Diner in Manchester, NH","2012-09-24 00:15:24+00","7860876103_10151037513786104",1],[89,"Vice President Biden on Mitt Romney’s comments disparaging 47% of Americans: “He thinks these folks believe they’re entitled, that they’ve become dependent, they see themselves as victims who won’t take responsibility for their own lives. How could he be so profoundly wrong about America? Not in my neighborhood. Not where I grew up.  Not the people I know.”","2012-09-24 00:15:24+00","7860876103_10151037512866104",1],[90,"Support the candidates who are fighting for every American: http://OFA.BO/UDa3WY","2012-09-22 20:56:48+00","7860876103_434166923286687",1],[91,"","2012-09-22 20:44:36+00","7860876103_10151036177526104",1],[94,"Out of many, we are one.","2012-09-20 19:27:48+00","7860876103_346774838745414",1],[95,"Share widely.","2012-09-20 01:10:22+00","7860876103_10151033260691104",1],[98,"If you’re a teacher—or just a fan of them—join Educators for Obama: http://OFA.BO/12kcw5","2012-09-16 16:38:10+00","7860876103_10151028963266104",1],[99,"Check out the highlights from Vice President Biden’s trip to Eau Claire, Wisconsin.","2012-09-14 19:00:01+00","7860876103_355218907899027",1],[104,"VP Biden takes a candid photo with supporters in Portsmouth, Ohio.","2012-09-10 22:58:42+00","7860876103_10151022544831104",1],[106,"Treat time in Nelsonville, Ohio.","2012-09-10 22:58:42+00","7860876103_10151022545636104",1],[107,"A friendly turnout for VP Biden in Milford, Ohio.","2012-09-10 22:58:42+00","7860876103_10151022546666104",1],[109,"Share this if you agree with Vice President Biden.","2012-09-09 22:33:36+00","7860876103_10151021252216104",1],[111,"","2012-09-07 21:29:03+00","7860876103_439258882791053",1],[114,"A party platform to move this country forward.","2012-09-06 03:50:00+00","7860876103_10151016851581104",1],[117,"Supporters of all ages welcomed the VP to Lordstown, Ohio.","2012-09-01 21:58:07+00","7860876103_10151011530841104",1],[120,"Saying \"cheese.\"","2012-09-01 21:58:07+00","7860876103_10151011529626104",1],[123,"Show whose team you’re on this fall—donate $10 or more and we’ll send you a car magnet: http://OFA.BO/94qoKC","2012-08-31 15:31:26+00","7860876103_105906639561385",1],[125,"Mitt Romney invested in companies that shipped U.S. jobs overseas. Share this image if you think that’s the wrong bet for America.","2012-08-29 01:32:06+00","7860876103_10151007011111104",1],[127,"“Let’s finish what we started. Let’s meet this moment together. We need you to stand with us.”—Vice President Biden","2012-08-24 23:56:28+00","7860876103_10150998263736104",1],[129,"In Minneapolis, Vice President Biden spoke out against Mitt Romney and Paul Ryan’s trickle-down economics plan: “There’s overwhelming evidence that their policies will not grow the economy.”","2012-08-24 23:56:28+00","7860876103_10150998265036104",1],[131,"Detroit was excited to host Vice President Biden.","2012-08-24 23:56:28+00","7860876103_10150998262161104",1],[133,"See how President Obama is making college more affordable for students and their parents with our education calculator: http://OFA.BO/PB9xjf","2012-08-23 20:57:31+00","7860876103_406665682715593",1],[135,"“When you get hit, get up. When you get knocked down, get up. There's no quit in America. There's no damn thing we can't do.”—Vice President Biden in Minnesota yesterday","2012-08-22 16:16:44+00","7860876103_10150992894391104",1],[137,"Summer’s not over yet—enjoy some outdoor beverages with a “Cheers, Champ” can holder: http://OFA.BO/jpEm5Y","2012-08-18 19:58:06+00","7860876103_10150985150241104",1],[138,"Vice President Biden talked about the President’s plan to strengthen the middle class, fought back against GOP attacks, and made new friends in North Carolina and Virginia this week.","2012-08-16 18:19:20+00","7860876103_10150981003836104",1],[139,"","2012-08-14 23:29:55+00","7860876103_10150977433721104",1],[143,"Three years ago today, Sonia Sotomayor was sworn in as the Supreme Court’s 111th justice.","2012-08-08 19:54:05+00","7860876103_10150965263501104",1],[144,"President Obama is fighting to protect early voting in Ohio—get the facts: http://OFA.BO/fneF6K","2012-08-06 20:00:42+00","7860876103_368809146523887",1],[276,"","1970-11-01 08:00:00+00","7860876103_10150619243361104",1],[126,"A can’t-miss video.","2012-08-28 15:24:30+00","7860876103_463133263720367",1],[128,"The pundits are saying the other side’s spending advantage could lose the election for President Obama and VP Biden. Help prove them wrong by pitching in $10 today: http://OFA.BO/VcmoGt","2012-08-27 21:07:17+00","7860876103_10151004410481104",1],[130,"Thumbs up for Obama-Biden in Detroit.","2012-08-24 23:56:28+00","7860876103_10150998263111104",1],[132,"The VP gave a pep talk to football players at South High School in Minneapolis.","2012-08-24 23:56:28+00","7860876103_10150998260886104",1],[134,"Vice President Biden was joined in Detroit, Michigan by Claressa Shields—the first-ever American woman and only member of our 2012 Olympic team to win a boxing gold medal—and a big supporter of the President.","2012-08-24 23:56:28+00","7860876103_10150998261466104",1],[136,"","2012-08-19 15:31:41+00","7860876103_178885815579330",1],[140,"Vice President Biden paying a visit to the Basilica of Our Lady of Guadalupe, the most holy Roman Catholic site in Mexico, this March. Join Catholics for Obama today: http://OFA.BO/vwvmU5","2012-08-13 20:09:57+00","7860876103_10150975157501104",1],[141,"Everything you need to know about the campaign in the palm of your hand. Download the new Obama app: http://OFA.BO/Htwybc","2012-08-12 16:56:55+00","7860876103_10150972746751104",1],[142,"Election Day is only three months away—make sure you’re registered and ready to vote: http://OFA.BO/JjroUm","2012-08-07 23:03:00+00","7860876103_10150963585836104",1],[146,"Can you spot the Vice President?","2012-08-05 18:02:57+00","7860876103_10150958843021104",1],[149,"Today is the most important fundraising deadline yet for this campaign. Pitch in $10 now: http://OFA.BO/zoUpke","2012-07-31 20:25:41+00","7860876103_10150948987926104",1],[151,"Pep talk.","2012-07-28 16:50:11+00","7860876103_10150942271406104",1],[152,"Pass this along to your friends and family who could use a reminder of how President Obama is helping small businesses grow and create jobs.","2012-07-26 21:30:20+00","7860876103_427597580624214",1],[154,"The Vice President greets a young supporter.","2012-07-23 16:30:55+00","7860876103_10150932178616104",1],[158,"The VP checks out the Edison Welding Institute on the Ohio State University campus.","2012-07-23 16:30:55+00","7860876103_10150932180901104",1],[159,"The VP takes his Strengthening the Middle Class tour to the Hawkeye State.","2012-07-12 15:50:34+00","7860876103_265869803513676",1],[161,"\"Every opportunity.\"","2012-07-14 20:32:52+00","7860876103_392741497454033",1],[163,"The President is in Iowa today to make the case for extending middle-class tax cuts. Watch the VP lay out the stakes for the middle class in this election in Waterloo, Iowa last month.","2012-07-10 16:22:41+00","7860876103_281393755300946",1],[164,"","2012-07-08 12:55:31+00","7860876103_10150902977666104",1],[166,"","2012-07-05 15:05:34+00","7860876103_10150897078191104",1],[167,"Vice President Biden visited with the Sisters of Mount St. Francis during a campaign stop in Dubuque, Iowa last week.","2012-07-03 00:58:35+00","7860876103_10150891945466104",1],[168,"“We need to choose between a commander-in-chief and an outsourcer-in-chief.”—VP Biden","2012-07-02 15:08:49+00","7860876103_391824807533525",1],[170,"The VP fired up the crowd at the United Auto Workers hall in Waterloo, had lunch with grassroots supporters, and enjoyed an afternoon ice cream break in Manchester on the first day of his bus tour through Iowa.","2012-06-27 18:17:15+00","7860876103_10150881915856104",1],[173,"\"This is a fight for the soul of this country. It's a fight for the middle class. ... It's about making sure America's fire departments, police departments continue to be a large part of the American fabric and be able to do their job. … And it's about a President and I who are prepared to fight like crazy to do whatever we can to make sure that you have the resources to be able to protect us.\"—VP Biden speaking at a fire station in Flint, Michigan","2012-06-12 21:01:56+00","7860876103_10150852696201104",1],[175,"Vice President Biden jokes with President Obama and senior advisor David Plouffe in the Outer Oval Office.","2012-06-09 15:56:12+00","7860876103_10150846524911104",1],[176,"The VP surprises Obama for America - North Carolina volunteers in Winston-Salem.\n","2012-06-08 18:28:28+00","7860876103_439558116062698",1],[178,"President Obama: \"There's nothing I take more seriously than my responsibility to those who sacrifice their own safety to defend ours.\"","2012-05-31 18:24:35+00","7860876103_314205685329432",1],[181,"","2012-05-23 22:13:45+00","7860876103_10150810487481104",1],[183,"Follow VP Biden’s path on the campaign trail with the new “Joe Biden on the Road” Pinterest board: http://OFA.BO/o2J7a6","2012-05-22 18:06:39+00","7860876103_10150807736926104",1],[186,"The Staffilino family of Martins Ferry, Ohio feared they would have to close their Chevy dealership a few years ago. Thanks to President Obama’s emergency loans to GM and Chrysler, the Staffilinos were able to stay in business—and their employees kept their jobs.","2012-05-18 20:55:44+00","7860876103_10150798189981104",1],[189,"Randy Johnson joined the VP onstage in Youngstown. He worked for a firm that Mitt Romney and his partners loaded up with debt, driving it into bankruptcy—and costing Randy his job.","2012-05-17 15:06:22+00","7860876103_10150794895661104",1],[193,"Youngstown was ready for the VP.","2012-05-17 15:06:21+00","7860876103_10150794894741104",1],[195,"From creating millions of jobs to bringing our soldiers home from Iraq, take a look at the progress we’ve made under President Obama—then share this video with your friends.","2012-05-09 17:10:42+00","7860876103_346844028703503",1],[198,"On a trip to Israel in 2010, Vice President Biden and Dr. Jill Biden laid a memorial wreath at the Yad Vashem Holocaust History Museum in Jerusalem.","2012-04-23 18:42:46+00","7860876103_10150674976411104",1],[200,"\"No woman should be victimized purely because someone else had more physical power or more economic power.\"","2012-04-18 23:23:30+00","7860876103_389701541070314",1],[202,"Vice President Biden makes the case for The Buffett Rule—and talks about what’s at stake for American families this November. ","2012-04-13 19:17:49+00","7860876103_305404262862925",1],[204,"In his speech, Vice President Biden made the case for the Buffett Rule: “In America, we’re not supposed to have a system that's rigged. We’re not supposed to have a system with one set of rules for the very wealthy and one set of rules for everybody else.”","2012-04-13 00:30:06+00","7860876103_10150645400276104",1],[205,"Joe Biden gets some lunch at the Works Bakery Café.","2012-04-13 00:30:05+00","7860876103_10150645399406104",1],[207,"Vice President Biden spoke up for the middle class: “This campaign is going to boil down to a very simple question. Are we going to rebuild an economy with a middle class that’s growing and not shrinking?”","2012-04-13 00:30:03+00","7860876103_10150645401166104",1],[209,"Running mates and friends, from long days on the campaign trail to pushing for landmark health care legislation. Take a look back at the last four years of Barack and Joe.","2012-03-29 07:00:00+00","7860876103_10150617268791104",1],[278,"","1968-01-01 08:00:00+00","7860876103_10150619237461104",1],[145,"Don’t miss out on the celebration—sign President Barack Obama's birthday card: http://OFA.BO/cmZpK9","2012-08-04 22:03:41+00","7860876103_326237987469843",1],[147,"Share this if you agree with Vice President Biden that Congress needs to reauthorize the Violence Against Women Act.","2012-08-04 01:24:04+00","7860876103_10150955559831104",1],[148,"Share this if you agree President Obama and Vice President Biden have teachers’ backs.","2012-08-01 21:39:11+00","7860876103_389701317750096",1],[150,"Election Day is coming up fast. Share this video with your friends, then sign up to get involved together: http://OFA.BO/DmcL5Q","2012-07-30 23:55:25+00","7860876103_102471386566923",1],[153,"Fans come in all ages—be sure to check out Young Americans for Obama: http://OFA.BO/ELS4jN","2012-07-24 16:06:43+00","7860876103_210096152450340",1],[155,"“We’re betting on Ohio. We’re betting on the United States of America.”—VP Biden in Columbus, Ohio","2012-07-23 16:30:55+00","7860876103_10150932178986104",1],[156,"Vice President Biden fires up the crowd at the Plumbers \u0026 Pipefitters Local Union 189.","2012-07-23 16:30:55+00","7860876103_10150932182451104",1],[157,"“At the end of the day, this is about building the middle class—resilient, sturdy, successful.”—Vice President Biden in Columbus","2012-07-23 16:30:55+00","7860876103_10150932182156104",1],[160,"Share this image if you agree with VP Biden that Barack Obama is a president who “has the character of his convictions.\"","2012-07-16 19:10:27+00","7860876103_10150918533926104",1],[162,"The choice this November.","2012-07-11 16:45:46+00","7860876103_10150908821686104",1],[165,"The VP wants to buy you a cup of coffee on the campaign trail—and if you donate $30 or more today, you’ll get this Cup of Joe mug along with your chance to join him: http://OFA.BO/EJNE2H","2012-07-07 19:32:48+00","7860876103_10150901669066104",1],[169,"“A job is about a lot more than a paycheck. It’s about your dignity. It’s about your self-respect. It’s about your place in your community. It’s about who you are.”—VP Biden on the road in Ohio. Check out the video highlights, then stay tuned for updates from the President’s visit to Ohio.","2012-07-03 21:57:19+00","7860876103_260074250768192",1],[171,"The Vice President shaking hands with a young supporter in Davenport, Iowa in March. The VP hit the road today for a Strengthening the Middle Class bus tour through eastern Iowa.","2012-06-26 18:22:37+00","7860876103_10150879852971104",1],[172,"“If you see someone threatening a woman, step up, speak out, and get help.”—Vice President Biden","2012-06-22 17:21:56+00","7860876103_319083001513720",1],[174,"President Obama has a plan to create a million new jobs for teachers, firefighters, and police officers—the contrast with Romney couldn’t be more clear.","2012-06-11 21:04:17+00","7860876103_228283353957928",1],[177,"During a visit with Obama for America - North Carolina supporters in Charlotte last week, the Vice President took time to make a special phone call.","2012-06-05 17:40:27+00","7860876103_389856831051642",1],[179,"Vice President Biden visited Charlotte to rally Obama for America - North Carolina volunteers, who greeted the VP with a chant of “Fired up, ready for Joe!” ","2012-05-24 23:57:53+00","7860876103_399136553463384",1],[180,"Dr. Jill Biden is a lifelong educator, military mom, and women’s health advocate—get to know her better: http://OFA.BO/JoA5G9","2012-05-24 21:16:19+00","7860876103_10150812552626104",1],[182,"“We had good jobs that you could raise a family on.”—Randy Johnson, who worked at a paper plant in Marion, Indiana until Mitt Romney’s firm bought its parent company, loaded it with debt, and fired 1,500 employees while walking away with millions","2012-05-23 16:28:31+00","7860876103_216146195171726",1],[184,"\"If you give them a fair shot, ordinary American people will never, never, never let the country down.\"—VP Biden in Martins Ferry, Ohio","2012-05-18 20:55:45+00","7860876103_10150798189011104",1],[185,"Vice President Biden greeted supporters at Hogfather’s BBQ in Washington, Pennsylvania.","2012-05-18 20:55:45+00","7860876103_10150798185766104",1],[187,"Lunch break.","2012-05-18 20:55:45+00","7860876103_10150798187336104",1],[188,"Obama for America - Ohio gave the VP a warm welcome.","2012-05-18 20:55:44+00","7860876103_10150798180471104",1],[190,"“If you had to summarize what the President and I intend to do … it’s to put people in a position—moms and dads—to walk up that staircase and say, ‘Everything’s going to be ok.’”","2012-05-17 15:06:22+00","7860876103_10150794897986104",1],[191,"The Vice President stopped to chat with firefighters in Salem, Ohio after his speech.","2012-05-17 15:06:22+00","7860876103_10150794897241104",1],[192,"The Vice President shared some good news about American manufacturing: “Since January 2010, we’ve created 480,000 new manufacturing jobs. Decent-paying jobs.”","2012-05-17 15:06:21+00","7860876103_10150794899311104",1],[194,"The VP's swinging through Ohio this week to talk about middle-class success stories and the return of homegrown manufacturing—stay tuned for updates from the road.","2012-05-16 15:23:45+00","7860876103_311090308969961",1],[196,"","2012-05-04 16:34:32+00","7860876103_386905411352681",1],[197,"“We’ve made a lot of progress, but the Violence Against Women Act is as important today as it’s ever been. The Senate’s action today reaffirms that addressing this problem is bigger than politics. Now the House needs to act so the President can sign this vital legislation as soon as possible.”—Vice President Biden on the Senate’s decision to reauthorize the VAWA today","2012-04-27 01:56:52+00","7860876103_10150682744966104",1],[199,"“We have to have the single best ground game in the history of presidential politics to counter what is estimated to be hundreds of millions of dollars in raw, negative attack ads.”—Vice President Biden on why it's important to become a part of Obama 2012 in your community. Find out how to get involved: http://OFA.BO/bCGgBW ","2012-04-20 17:14:01+00","7860876103_238225929617712",1],[201,"","2012-04-14 15:31:54+00","7860876103_10150648747031104",1],[203,"Little ones got some attention from the Vice President, too.","2012-04-13 00:30:06+00","7860876103_10150645399911104",1],[206,"After his speech, the Vice President stopped by a local coffee shop to chat with Granite Staters.","2012-04-13 00:30:04+00","7860876103_10150645398661104",1],[208,"Vice President Biden is rallying for tax fairness and The Buffett Rule in Exeter, New Hampshire today. You can watch his speech live here at 12:15p.m. ET: http://OFA.BO/ojvxZA","2012-04-12 15:29:13+00","7860876103_10150644458086104",1],[212,"Folks in Davenport were excited to see the Vice President back in Iowa.","2012-03-29 02:52:12+00","7860876103_10150616319281104",1],[214,"“The President and I believe that every American, after a lifetime of hard work, should be able to look forward to the security and dignity that Social Security and Medicare provide.”—Vice President Joe Biden","2012-03-27 20:27:00+00","7860876103_195582960551895",1],[216,"One of the Vice President's smallest supporters offered him a hug after the speech.","2012-03-16 21:08:58+00","7860876103_10150593584721104",1],[279,"","1966-08-27 07:00:00+00","7860876103_10150619235061104",1],[210,"“It's not just manufacturing that’s coming back. The middle class is coming back. America is coming back. Worker by worker, home by home, neighborhood by neighborhood, the country is coming back.”—Vice President Biden in Iowa today","2012-03-29 02:52:13+00","7860876103_10150616319306104",1],[211,"“After years of hearing the word outsourcing, our children are going to hear a new word as much as we heard outsourcing. It’s called insourcing.” —Vice President Biden on the 430,000 manufacturing jobs created in the U.S. since 2010","2012-03-29 02:52:12+00","7860876103_10150616319221104",1],[213,"The VP enjoys a chat with one of his youngest supporters.","2012-03-29 02:52:12+00","7860876103_10150616319256104",1],[215,"“I come here today with a very, very simple message: Manufacturing is back.”—Vice President Joe Biden in Davenport, Iowa","2012-03-29 02:52:12+00","7860876103_10150616323336104",1],[217,"“The President and I have a fundamental commitment to dealing the middle class back in to the American economy that they’ve been dealt out of for so long. And, ultimately, that’s what this election is all about.”—Vice President Biden in Ohio yesterday","2012-03-16 21:08:58+00","7860876103_10150593584731104",1],[219,"“It’s about a choice, a clear choice, between a system that’s rigged and a system that’s fair—a system that says everyone will be held accountable for their actions, not just the middle class. A system that trusts the workers on the line instead of listening to the folks up in the suites. Folks, that’s the choice. It’s a stark choice, and in my mind, it isn’t a choice at all.”","2012-03-16 21:08:58+00","7860876103_10150593584716104",1],[220,"Vice President Biden talks to supporters in Toledo, Ohio about the auto recovery’s success in putting Americans back to work.","2012-03-16 21:08:58+00","7860876103_10150593590476104",1],[222,"","2012-02-10 00:21:51+00","7860876103_105610269567358",1],[224,"Yesterday, Vice President Biden took part in his first-ever Twitter interview from an advanced manufacturing facility in Rochester, New Hampshire. You can see how it went—and find out the Vice President’s pick to win next week’s Super Bowl—here: http://OFA.BO/miuhcH","2012-01-27 20:12:18+00","7860876103_10150495727521104",1],[229,"“We cannot make the point often enough: The government has many obligations, but only one sacred obligation. If we put troops in harm’s way, we have to take care of them when they come home.” – Vice President and Dr. Jill Biden ","2011-11-11 16:26:13+00","7860876103_173525109407884",1],[231,"","2011-10-13 18:03:42+00","7860876103_126364270802921",1],[234,"“The first responders in this country, you are absolutely incredible. To me, this is a simple deal. We owe you. We said we'd give you what you need, and we told the public they'd have what they needed to be protected.”—Vice President Biden calling on Congress to increase funding for police and fire departments","2011-09-29 07:00:00+00","7860876103_10150780000376104",1],[236,"Vice President Joe Biden and Chinese Vice President Xi Jinping greet basketball players at Qingchengshan High School in Dujiangyan, China. The high school has been rebuilt after being severely damaged in the 2008 Wenchuan earthquake.","2011-08-21 07:00:00+00","7860876103_10150677412291104",1],[237,"One of the major challenges facing veterans living in rural areas is how far they've got to travel to reach their nearest VA medical facility. Secretary Eric Shinseki of the Department of Veterans Affairs went on a listening tour this summer to talk to veterans about how the VA can help them get better access to the care and services they need.","2011-08-04 14:27:53+00","7860876103_183757558356254",1],[240,"“Team USA is a source of pride, unity, and inspiration for millions around the globe – especially girls and other young athletes who know the power that sports have to change lives.”  -- Dr. Jill Biden on her trip to Germany for the Women’s World Cup.","2011-07-18 23:53:11+00","7860876103_206159226102675",1],[241,"In case you missed it, make sure to check out Vice President Biden's op-ed earlier this week about an initiative he's helping to lead to make government more efficient. \"Our government must work harder to make sure that tax dollars are not wasted on government programs that are ineffective, duplicative, or just plain unnecessary,\" the Vice President wrote.","2011-07-15 20:09:20+00","7860876103_250535848305507",1],[243,"Vice President Joe Biden, Dr. Jill Biden, and Biden’s granddaughter Finnegan participate in a traditional bread and salt welcoming ceremony in Moscow, Russia.","2011-03-08 08:00:00+00","7860876103_10150666863481104",1],[244,"Vice President Biden welcomes troops home from Afghanistan at Fort Campbell, Kentucky.","2011-02-11 08:00:00+00","7860876103_10150617530586104",1],[246,"Vice President Biden and President Obama en route to the signing of the Dodd-Frank Wall Street Reform and Consumer Protection Act.","2010-06-21 07:00:00+00","7860876103_10150617524311104",1],[248,"President Obama, Vice President Biden, and Solicitor General Elena Kagan wait in the Blue Room of the White House prior to the President's announcement of Kagan as his choice to replace retiring Justice John Paul Stevens on the Supreme Court.","2010-05-10 07:00:00+00","7860876103_10150617517046104",1],[250,"Vice President Joe Biden serves lunch to patients and staff in the dining facility at Walter Reed Army Medical Center on Christmas Day.","2009-12-25 08:00:00+00","7860876103_10150617505956104",1],[253,"“Keep the faith! You are changing women’s lives one woman at a time.”—VP Biden’s message to the National Domestic Violence Hotline Headquarters in Austin, Texas, which he visited just after the hotline received its 2 millionth call","2009-04-28 07:00:00+00","7860876103_10150719660226104",1],[254,"Sen. Joe Biden shares a moment with Ellen before appearing on The Ellen DeGeneres Show.","2008-10-16 07:00:00+00","7860876103_10150618258491104",1],[256,"Sen. Biden meets a supporter in Jefferson City, Missouri.","2008-10-09 07:00:00+00","7860876103_10150617386246104",1],[257,"Sen. Biden takes the stage at a rally in Tampa, Florida.","2008-10-08 07:00:00+00","7860876103_10150617383666104",1],[260,"Sen. Biden meets with the Cudahy, Wisconsin Fire Department.","2008-09-26 07:00:00+00","7860876103_10150617365111104",1],[262,"Sen. Joe Biden addresses a packed town hall meeting in Green Bay, Wisconsin.","2008-09-08 07:00:00+00","7860876103_10150617350621104",1],[263,"Sen. Joe Biden participates in a senior citizens' town hall in Deerfield Beach, Florida.","2008-09-02 07:00:00+00","7860876103_10150617345756104",1],[265,"Sen. Joe Biden stops for barbecue in Denver, Colorado.","2008-08-25 07:00:00+00","7860876103_10150618216331104",1],[266,"The Global AIDS Bill, co-sponsored by Sen. Biden and Sen. Richard Lugar, is signed into law. This historic legislation authorized $48 billion for global HIV/AIDS, malaria, and tuberculosis programs worldwide.","2008-07-30 07:00:00+00","7860876103_10150617343906104",1],[269,"","1977-06-17 07:00:00+00","7860876103_10150619265586104",1],[271,"","1975-01-01 08:00:00+00","7860876103_10150619260221104",1],[272,"Joe Biden is sworn into the Senate at his sons' bedside in a medical center chapel.","1973-01-05 08:00:00+00","7860876103_10150617302776104",1],[274,"","1972-11-07 08:00:00+00","7860876103_10150619257236104",1],[218,"The Vice President got a warm welcome back to the campaign trail from the crowd at UAW Local 12.","2012-03-16 21:08:58+00","7860876103_10150593584706104",1],[221,"Vice President Biden meets with Mexico's President Felipe Calderon in Mexico City in March 2012. The Vice President also visited Tegucigalpa, Honduras to meet with Honduran President Lobo and other Central American leaders.","2012-03-05 08:00:00+00","7860876103_10150684768911104",1],[223,"\"The measure of whether or not we have succeeded is whether or not parents can turn to their kids at the end of the day and say, 'It's okay.'\"—Vice President Biden visited the American Seating Company in Grand Rapids, Michigan, yesterday to talk about the administration’s commitment to building up America’s businesses for the generations to come","2012-02-03 02:56:02+00","7860876103_10150510011871104",1],[225,"Vice President Biden and Dr. Jill Biden visit wounded troops at Walter Reed National Military Medical Center on Christmas Day.","2011-12-25 08:00:00+00","7860876103_10150617538431104",1],[226,"On Thursday, Vice President Joe Biden had the honor of welcoming home the sailors of the USS Gettysburg after seven months on station in the Middle East.  ","2011-12-10 16:03:32+00","7860876103_301279423245364",1],[227,"During a trip to Turkey, Vice President Biden visits a shop in the Samatya Square neighborhood of Istanbul. While in Turkey, Biden spoke at the second Global Entrepreneurship Summit.","2011-12-04 08:00:00+00","7860876103_10150679566101104",1],[228,"Vice President Joe Biden was in Iraq this week to recognize the shared sacrifices of American and Iraqi service members. The Vice President invoked Harry Truman, calling the end of the war a “solemn but glorious hour.”","2011-12-02 23:29:45+00","7860876103_254527444601212",1],[230,"In Flint, Michigan, Vice President Biden was joined by firefighters and police officers who support President Obama's jobs plan. The President’s proposals would provide $5 billion for communities to hire additional first responders and public safety workers. ","2011-10-19 21:52:07+00","7860876103_235823556471466",1],[232,"Preventing domestic violence has been a cause close to the Vice President’s heart throughout his career. Domestic Violence Awareness Month this October is an opportunity to bring attention to violence against women and families, highlight the progress we’ve made, and evaluate the work that still needs to be done.","2011-10-12 21:50:13+00","7860876103_289599434401928",1],[233,"October is National Breast Cancer Awareness Month. Dr. Jill Biden and Secretary of Health and Human Services Kathleen Sebelius are talking to breast cancer survivors about how to improve treatment for patients battling cancer.","2011-10-04 17:01:50+00","7860876103_156907374403735",1],[235,"Vice President Biden spoke in Sendai, Japan today about the rebuilding that’s taking place after March’s tsunami. He reiterated that the United States is committed to helping Japan recover.","2011-08-24 17:23:00+00","7860876103_107968929306036",1],[238,"President Barack Obama and Vice President Joe Biden shake hands in the Oval Office following a phone call with House Speaker John Boehner on a bipartisan deal to reduce the nation's deficit.","2011-07-31 07:00:00+00","7860876103_10150617535971104",1],[239,"Dr. Jill Biden and First Lady Michelle Obama launched a new initiative yesterday—the Joining Forces Community Challenge. It will recognize individuals and groups across the country who are making a difference in the lives of military families.","2011-07-25 22:29:21+00","7860876103_230907916950066",1],[242,"Marking Chrysler's repayment of U.S. government loans ahead of schedule, Vice President Joe Biden calls a Chrysler employee at the Jefferson North Plant in Michigan to thank her for her work.","2011-05-24 07:00:00+00","7860876103_10150617533271104",1],[245,"Vice President Joe Biden greets troops during breakfast at Bagram Air Base in Afghanistan.","2011-01-12 08:00:00+00","7860876103_10150618282476104",1],[247,"In his home office in Wilmington, the Vice President calls the Navistar Electric Truck Team to congratulate them on shipping their first vehicle with some help from Recovery Act funding.","2010-05-13 07:00:00+00","7860876103_10150618272236104",1],[249,"President Obama and Vice President Biden wait in the Blue Room of the White House just before the President signs the Affordable Care Act into law.","2010-03-23 07:00:00+00","7860876103_10150617512326104",1],[251,"Vice President Joe Biden stands with President Obama and Supreme Court justices during Sonia Sotomayor's investiture ceremony.","2009-09-08 07:00:00+00","7860876103_10150617494541104",1],[252,"Vice President Joe Biden dances with his wife, Dr. Jill Biden, at an inaugural ball.","2009-01-20 08:00:00+00","7860876103_10150617482781104",1],[255,"Sen. Biden calls voters in Florida.","2008-10-28 07:00:00+00","7860876103_10150617396666104",1],[258,"Sen. Biden prepares for the first Vice Presidential debate at Washington University in St. Louis, Missouri.","2008-10-02 07:00:00+00","7860876103_10150617376311104",1],[259,"Sen. Biden and Dr. Jill Biden receive a warm welcome at a rally in Detroit, Michigan.","2008-09-28 07:00:00+00","7860876103_10150617367876104",1],[261,"Sen. Joe Biden travels to Media, Pennsylvania via Amtrak train—his regular mode of transportation between Wilmington, Delaware and Washington, D.C. Sen. Biden made over 7,000 round trips over the course of his 36-year term in the Senate.","2008-09-16 07:00:00+00","7860876103_10150617352851104",1],[264,"Sen. Joe Biden and Michelle Obama host an economic roundtable with governors and working women during the Democratic National Convention.","2008-08-26 07:00:00+00","7860876103_10150617336766104",1],[267,"The 1994 Crime Bill, which then-Sen. Biden authored, becomes law. In his 2007 book \"Promises to Keep,\" Biden discusses his stance on combating crime: \"While I have always been a defender of robust civil liberties for the accused, I have worked hard to give police the tools to fight crime—more cops on the street, better equipment, sentencing guidelines that put people away for committing violent crimes.\"","1994-09-13 07:00:00+00","7860876103_10150617308731104",1],[268,"","1981-06-08 07:00:00+00","7860876103_10150619268586104",1],[270,"","1977-01-01 08:00:00+00","7860876103_10150619261771104",1],[273,"Joe Biden's wife Neilia and daughter Naomi are killed in an automobile accident. His sons Beau and Hunter are critically injured.","1972-12-18 08:00:00+00","7860876103_10150617638966104",1],[275,"","1971-11-08 08:00:00+00","7860876103_10150619254821104",1],[277,"","1970-02-04 08:00:00+00","7860876103_10150619249226104",1],[280,"","1969-02-03 08:00:00+00","7860876103_10150619239716104",1],[283,"","1942-11-20 07:00:00+00","7860876103_10150617286546104",1],[281,"","1965-01-01 08:00:00+00","7860876103_10150619233056104",1],[282,"","1953-01-01 08:00:00+00","7860876103_10150619229486104",1]]}